filename,cloud_cover,clear_pixel_count_pt,count_orbit_pixels_pt,cloud_cover_pt
S2B_MSIL2A_20230102T113359_N0510_R080_T29SMD_20240810T131801,8.723855,38291381,41050792,7
S2A_MSIL2A_20230104T112451_N0510_R037_T29SMD_20240809T205239,0.002161,42426760,42427078,0
S2A_MSIL2A_20230107T113451_N0510_R080_T29SMD_20240809T201539,98.212528,---,---,---
S2B_MSIL2A_20230109T112339_N0510_R037_T29SMD_20240813T000059,52.921063,---,---,---
S2B_MSIL2A_20230112T113339_N0510_R080_T29SMD_20240810T223736,70.790684,31304541,41408635,24
S2A_MSIL2A_20230114T112421_N0510_R037_T29SMD_20240810T224203,99.916416,---,---,---
S2A_MSIL2A_20230117T113421_N0510_R080_T29SMD_20240811T054337,66.518134,---,---,---
S2B_MSIL2A_20230119T112309_N0510_R037_T29SMD_20240811T142219,59.13747,---,---,---
S2B_MSIL2A_20230122T113319_N0510_R080_T29SMD_20240810T032218,6.36985,40741974,41155104,1
S2A_MSIL2A_20230124T112341_N0510_R037_T29SMD_20240810T074036,0.002566,42427020,42427020,0
S2A_MSIL2A_20230127T113331_N0510_R080_T29SMD_20240811T185002,14.932483,40668464,40987028,1
S2B_MSIL2A_20230129T112229_N0510_R037_T29SMD_20240811T000859,0.001514,42426606,42427020,0
S2B_MSIL2A_20230201T113319_N0510_R080_T29SMD_20240814T220319,5.904795,41217167,41219342,0
S2A_MSIL2A_20230203T112301_N0510_R037_T29SMD_20240816T184345,0.003419,42425635,42427859,0
S2A_MSIL2A_20230206T113321_N0510_R080_T29SMD_20240814T202251,0.057665,40851360,40851516,0
S2B_MSIL2A_20230208T112129_N0510_R037_T29SMD_20240814T200754,63.252169,---,---,---
S2B_MSIL2A_20230211T113319_N0510_R080_T29SMD_20240814T001227,85.337734,---,---,---
S2A_MSIL2A_20230213T112151_N0510_R037_T29SMD_20240816T015423,73.367327,---,---,---
S2A_MSIL2A_20230216T113321_N0510_R080_T29SMD_20240823T050238,0.001583,41103857,41104332,0
S2B_MSIL2A_20230218T112109_N0510_R037_T29SMD_20240820T181805,94.791168,---,---,---
S2B_MSIL2A_20230221T113319_N0510_R080_T29SMD_20240814T152033,68.619931,---,---,---
S2A_MSIL2A_20230223T112111_N0510_R037_T29SMD_20240814T061741,30.508927,21519444,42427020,49
S2A_MSIL2A_20230226T113321_N0510_R080_T29SMD_20240818T170955,15.019773,16490446,40873023,60
S2B_MSIL2A_20230228T112119_N0510_R037_T29SMD_20240822T162735,21.583681,27906964,42427020,34
S2B_MSIL2A_20230303T113319_N0510_R080_T29SMD_20240818T181230,38.091096,37237335,40935699,9
S2A_MSIL2A_20230305T112111_N0510_R037_T29SMD_20240819T204207,99.60047,---,---,---
S2A_MSIL2A_20230308T113311_N0510_R080_T29SMD_20240824T015311,99.068815,---,---,---
S2B_MSIL2A_20230310T112119_N0510_R037_T29SMD_20240824T044046,79.732537,---,---,---
S2B_MSIL2A_20230313T113329_N0510_R080_T29SMD_20240823T015302,46.263593,---,---,---
S2A_MSIL2A_20230315T112111_N0510_R037_T29SMD_20240822T202059,0.003922,42426058,42427194,0
S2A_MSIL2A_20230318T113321_N0510_R080_T29SMD_20240824T073546,41.22543,---,---,---
S2B_MSIL2A_20230320T112119_N0510_R037_T29SMD_20240826T013713,58.185351,19945602,42427020,53
S2B_MSIL2A_20230323T113319_N0510_R080_T29SMD_20240830T075228,99.545515,---,---,---
S2A_MSIL2A_20230325T112111_N0510_R037_T29SMD_20240825T084402,0.120907,42426871,42427426,0
S2A_MSIL2A_20230328T113321_N0510_R080_T29SMD_20240829T145134,71.344835,20567308,41369299,50
S2B_MSIL2A_20230330T112119_N0510_R037_T29SMD_20240824T225812,31.618562,23239023,42607706,45
S2B_MSIL2A_20230402T113319_N0510_R080_T29SMD_20240829T000913,38.072854,39774872,40619407,2
S2A_MSIL2A_20230404T112111_N0510_R037_T29SMD_20240825T233857,6.225082,41869052,42435855,1
S2A_MSIL2A_20230407T113321_N0510_R080_T29SMD_20240828T173559,19.161108,40504299,40538756,0
S2B_MSIL2A_20230409T112119_N0510_R037_T29SMD_20240825T054515,7.716182,42184051,42452997,1
S2B_MSIL2A_20230412T113319_N0510_R080_T29SMD_20240828T100821,99.183673,---,---,---
S2A_MSIL2A_20230414T112111_N0510_R037_T29SMD_20240904T074051,92.682731,---,---,---
S2A_MSIL2A_20230417T113321_N0510_R080_T29SMD_20240904T054347,7.230085,40574608,40574608,0
S2B_MSIL2A_20230419T112119_N0510_R037_T29SMD_20240905T164837,4.808164,41540266,42437366,2
S2B_MSIL2A_20230422T113319_N0510_R080_T29SMD_20240905T002326,7.28822,25381202,40684077,38
S2A_MSIL2A_20230424T112111_N0510_R037_T29SMD_20240831T192918,18.999195,40294960,42445376,5
S2A_MSIL2A_20230427T113321_N0510_R080_T29SMD_20240830T173007,40.20471,40513470,40731364,1
S2B_MSIL2A_20230429T112119_N0510_R037_T29SMD_20240904T184034,71.482074,---,---,---
S2B_MSIL2A_20230502T113319_N0510_R080_T29SMD_20240902T025239,91.800493,---,---,---
S2A_MSIL2A_20230504T112111_N0510_R037_T29SMD_20240908T104443,15.445875,24581276,42427020,42
S2A_MSIL2A_20230507T113321_N0510_R080_T29SMD_20240906T002036,30.160627,18919513,40812112,54
S2B_MSIL2A_20230509T112119_N0510_R037_T29SMD_20240901T010041,83.031112,---,---,---
S2B_MSIL2A_20230512T113319_N0510_R080_T29SMD_20240908T141007,2.337224,40621670,40682416,0
S2A_MSIL2A_20230514T112111_N0510_R037_T29SMD_20240902T094922,19.771081,41239172,42427020,3
S2A_MSIL2A_20230517T113321_N0510_R080_T29SMD_20240905T042806,17.298232,35204272,40759827,14
S2B_MSIL2A_20230519T112119_N0510_R037_T29SMD_20240908T202122,0.028735,42427020,42427020,0
S2B_MSIL2A_20230522T113319_N0510_R080_T29SMD_20240906T154439,27.895343,---,---,---
S2A_MSIL2A_20230524T112121_N0510_R037_T29SMD_20240908T201354,7.809678,30911490,42578679,27
S2A_MSIL2A_20230527T113321_N0510_R080_T29SMD_20240908T071814,94.310379,---,---,---
S2B_MSIL2A_20230529T112119_N0510_R037_T29SMD_20240906T224708,98.610592,---,---,---
S2B_MSIL2A_20230601T113319_N0510_R080_T29SMD_20240909T105259,11.914609,33456176,40805959,18
S2A_MSIL2A_20230603T112121_N0510_R037_T29SMD_20241003T053213,5.447297,33755895,42465686,21
S2A_MSIL2A_20230606T113321_N0510_R080_T29SMD_20240927T125840,79.126608,---,---,---
S2B_MSIL2A_20230608T112119_N0510_R037_T29SMD_20240912T081219,84.413916,---,---,---
S2B_MSIL2A_20230611T113319_N0510_R080_T29SMD_20240909T133438,26.618856,---,---,---
S2A_MSIL2A_20230613T112121_N0510_R037_T29SMD_20241009T195013,20.773299,20789963,42534154,51
S2A_MSIL2A_20230616T113321_N0510_R080_T29SMD_20240909T050739,50.873721,34919254,40693432,14
S2B_MSIL2A_20230618T112119_N0510_R037_T29SMD_20240909T054030,99.84746,---,---,---
S2B_MSIL2A_20230621T113319_N0510_R080_T29SMD_20240927T013156,84.891653,---,---,---
S2A_MSIL2A_20230623T112121_N0510_R037_T29SMD_20240909T043310,2.158048,41603693,42427020,2
S2A_MSIL2A_20230626T113321_N0510_R080_T29SMD_20240909T012545,5.97966,38733983,40842068,5
S2B_MSIL2A_20230628T112119_N0510_R037_T29SMD_20241003T143814,4.797741,41743239,42433628,2
S2B_MSIL2A_20230701T113319_N0510_R080_T29SMD_20240912T231135,19.567946,38118514,40728320,6
S2A_MSIL2A_20230703T112121_N0510_R037_T29SMD_20240913T073722,24.510913,30709611,42427020,28
S2A_MSIL2A_20230706T113321_N0510_R080_T29SMD_20240913T080545,1.918695,39523195,40706008,3
S2B_MSIL2A_20230708T112119_N0510_R037_T29SMD_20241002T021059,16.540298,23202642,42427020,45
S2B_MSIL2A_20230711T113319_N0510_R080_T29SMD_20241014T163717,14.958607,30204518,40907342,26
S2A_MSIL2A_20230713T112121_N0510_R037_T29SMD_20241017T233635,0.016137,42423775,42427256,0
S2A_MSIL2A_20230716T113321_N0510_R080_T29SMD_20240913T192426,3.210361,40836213,40839216,0
S2B_MSIL2A_20230718T112119_N0510_R037_T29SMD_20241018T170616,0.946907,41077195,42449790,3
S2B_MSIL2A_20230721T113329_N0510_R080_T29SMD_20241019T091212,28.682983,---,---,---
S2A_MSIL2A_20230723T112121_N0510_R037_T29SMD_20241015T204718,19.19183,41631438,42450603,2
S2A_MSIL2A_20230726T113321_N0510_R080_T29SMD_20240913T221607,1.12051,40818668,40818668,0
S2B_MSIL2A_20230728T112119_N0510_R037_T29SMD_20241020T062113,2.189821,39963919,42437385,6
S2B_MSIL2A_20230731T113319_N0510_R080_T29SMD_20241021T082932,0.890212,37537208,41014093,8
S2A_MSIL2A_20230802T112121_N0510_R037_T29SMD_20241026T173917,84.179258,---,---,---
S2A_MSIL2A_20230805T113321_N0510_R080_T29SMD_20241024T191057,0.117313,34543659,41052448,16
S2B_MSIL2A_20230807T112119_N0510_R037_T29SMD_20241017T012454,0.015543,42427020,42427020,0
S2B_MSIL2A_20230810T113329_N0510_R080_T29SMD_20241015T204335,1.189751,40660360,40692604,0
S2A_MSIL2A_20230812T112121_N0510_R037_T29SMD_20241016T022938,1.056518,40402624,42427020,5
S2A_MSIL2A_20230815T113321_N0510_R080_T29SMD_20241016T040753,49.267176,27854543,40982923,32
S2B_MSIL2A_20230817T112119_N0510_R037_T29SMD_20241025T095049,0.085468,42416806,42427020,0
S2B_MSIL2A_20230820T113319_N0510_R080_T29SMD_20241022T134802,5.782646,40649666,40679720,0
S2A_MSIL2A_20230822T112121_N0510_R037_T29SMD_20241015T035623,0.172133,41379808,42435943,2
S2A_MSIL2A_20230825T113321_N0510_R080_T29SMD_20241015T171206,39.91119,25038366,41029804,39
S2B_MSIL2A_20230827T112119_N0510_R037_T29SMD_20241023T220427,1.080216,42369198,42429339,0
S2B_MSIL2A_20230830T113319_N0510_R080_T29SMD_20241022T141244,23.220412,39687928,40588339,2
S2A_MSIL2A_20230901T112121_N0510_R037_T29SMD_20241024T010739,75.900114,---,---,---
S2A_MSIL2A_20230904T113321_N0510_R080_T29SMD_20241104T165346,99.119222,---,---,---
S2B_MSIL2A_20230906T112119_N0511_R037_T29SMD_20250807T203648,74.019819,---,---,---
S2B_MSIL2A_20230909T113319_N0510_R080_T29SMD_20241104T210931,21.026009,20298671,40490195,50
S2A_MSIL2A_20230911T112121_N0510_R037_T29SMD_20241104T064842,25.709233,---,---,---
S2A_MSIL2A_20230914T113321_N0510_R080_T29SMD_20241018T021459,24.293439,31032872,40578593,24
S2B_MSIL2A_20230916T112119_N0510_R037_T29SMD_20241031T140235,31.124061,---,---,---
S2B_MSIL2A_20230919T113319_N0510_R080_T29SMD_20241025T124706,0.948509,37686376,40724798,7
S2A_MSIL2A_20230921T112111_N0510_R037_T29SMD_20241025T201425,94.04642,---,---,---
S2A_MSIL2A_20230924T113321_N0510_R080_T29SMD_20241027T035837,9.284856,40469223,40770028,1
S2B_MSIL2A_20230926T112119_N0510_R037_T29SMD_20241026T031603,0.73115,42020632,42427020,1
S2B_MSIL2A_20230929T113319_N0510_R080_T29SMD_20241105T210500,30.736896,40661085,40849972,0
S2A_MSIL2A_20231001T112121_N0510_R037_T29SMD_20241031T203532,1.004282,42426885,42427020,0
S2A_MSIL2A_20231004T113321_N0510_R080_T29SMD_20241108T170204,21.773902,37814039,40841524,7
S2B_MSIL2A_20231006T112119_N0510_R037_T29SMD_20241103T030731,12.324004,40267661,42426988,5
S2B_MSIL2A_20231009T113319_N0510_R080_T29SMD_20241108T203050,17.657451,40946692,40946960,0
S2A_MSIL2A_20231011T112111_N0510_R037_T29SMD_20241101T135602,26.480809,41747232,42427020,2
S2A_MSIL2A_20231014T113321_N0510_R080_T29SMD_20241106T042417,49.220026,---,---,---
S2B_MSIL2A_20231016T112119_N0510_R037_T29SMD_20241101T133002,99.804926,---,---,---
S2B_MSIL2A_20231019T113319_N0510_R080_T29SMD_20241102T130716,99.791378,---,---,---
S2A_MSIL2A_20231021T112111_N0510_R037_T29SMD_20241102T195804,90.605652,---,---,---
S2A_MSIL2A_20231024T113321_N0510_R080_T29SMD_20241107T060427,97.349513,---,---,---
S2B_MSIL2A_20231026T112119_N0510_R037_T29SMD_20241108T102655,100,---,---,---
S2B_MSIL2A_20231029T113319_N0510_R080_T29SMD_20241108T104254,97.851962,---,---,---
S2A_MSIL2A_20231031T112211_N0510_R037_T29SMD_20241107T213300,88.134563,---,---,---
S2A_MSIL2A_20231103T113321_N0510_R080_T29SMD_20241108T160418,51.196223,---,---,---
S2B_MSIL2A_20231105T112149_N0510_R037_T29SMD_20241110T045512,36.208719,---,---,---
S2B_MSIL2A_20231108T113319_N0510_R080_T29SMD_20241111T194428,99.616754,---,---,---
S2A_MSIL2A_20231110T112311_N0510_R037_T29SMD_20241109T104109,32.661119,---,---,---
S2A_MSIL2A_20231113T113321_N0510_R080_T29SMD_20241107T042303,29.198277,---,---,---
S2B_MSIL2A_20231115T112239_N0509_R037_T29SMD_20231115T130146,77.197361,---,---,---
S2B_MSIL2A_20231118T113319_N0510_R080_T29SMD_20241109T071608,99.829674,---,---,---
S2A_MSIL2A_20231120T112351_N0510_R037_T29SMD_20241109T020723,60.565686,---,---,---
S2A_MSIL2A_20231123T113401_N0510_R080_T29SMD_20241108T152245,3.284437,40987150,40987304,0
S2B_MSIL2A_20231125T112309_N0510_R037_T29SMD_20241028T215307,19.599874,19429920,43042870,55
S2B_MSIL2A_20231128T113329_N0510_R080_T29SMD_20241111T145001,90.181994,---,---,---
S2A_MSIL2A_20231130T112421_N0510_R037_T29SMD_20241111T005240,99.312025,---,---,---
S2A_MSIL2A_20231203T113431_N0511_R080_T29SMD_20250807T021715,97.955549,---,---,---
S2B_MSIL2A_20231205T112429_N0510_R037_T29SMD_20241031T122121,99.99969,---,---,---
S2B_MSIL2A_20231208T113359_N0510_R080_T29SMD_20241031T233411,97.227252,---,---,---
S2A_MSIL2A_20231210T112451_N0510_R037_T29SMD_20241103T132458,96.773821,---,---,---
S2A_MSIL2A_20231213T113451_N0510_R080_T29SMD_20231213T155450,19.734278,19876110,41084249,52
S2B_MSIL2A_20231215T112359_N0510_R037_T29SMD_20231215T130705,50.00692,38606721,42427020,9
S2B_MSIL2A_20231218T113409_N0510_R080_T29SMD_20231218T130214,0.300828,40724373,40727728,0
S2A_MSIL2A_20231220T112501_N0510_R037_T29SMD_20231220T194553,56.318128,21225242,42427020,50
S2A_MSIL2A_20231223T113501_N0510_R080_T29SMD_20231223T153348,0.002808,40968550,40969836,0
S2B_MSIL2A_20231225T112409_N0510_R037_T29SMD_20231225T130129,95.230371,---,---,---
S2B_MSIL2A_20231228T113409_N0510_R080_T29SMD_20231228T131222,98.653948,---,---,---
S2A_MSIL2A_20231230T112501_N0510_R037_T29SMD_20231230T153151,73.687857,---,---,---
S2A_MSIL2A_20240102T113501_N0510_R080_T29SMD_20240102T153549,95.873046,---,---,---
S2B_MSIL2A_20240104T112359_N0510_R037_T29SMD_20240104T130008,94.381243,---,---,---
S2B_MSIL2A_20240107T113349_N0510_R080_T29SMD_20240107T125109,8.480628,38139831,40723299,6
S2A_MSIL2A_20240109T112441_N0510_R037_T29SMD_20240109T154253,95.882368,---,---,---
S2A_MSIL2A_20240112T113431_N0510_R080_T29SMD_20240112T154153,69.257116,---,---,---
S2B_MSIL2A_20240114T112329_N0510_R037_T29SMD_20240114T160810,97.371674,---,---,---
S2B_MSIL2A_20240117T113329_N0510_R080_T29SMD_20240117T130100,31.047976,---,---,---
S2A_MSIL2A_20240119T112401_N0510_R037_T29SMD_20240119T152853,68.055141,---,---,---
S2A_MSIL2A_20240122T113351_N0510_R080_T29SMD_20240122T155700,71.25147,29609885,41449366,29
S2B_MSIL2A_20240124T112249_N0510_R037_T29SMD_20240124T124922,0.001991,42424043,42427020,0
S2B_MSIL2A_20240127T113319_N0510_R080_T29SMD_20240127T125633,57.886499,---,---,---
S2A_MSIL2A_20240129T112321_N0510_R037_T29SMD_20240129T153355,72.562963,19586236,42427020,54
S2A_MSIL2A_20240201T113311_N0510_R080_T29SMD_20240201T153901,8.359273,41179053,41215468,0
S2B_MSIL2A_20240203T112159_N0510_R037_T29SMD_20240203T130038,5.469346,42422813,42427020,0
S2B_MSIL2A_20240206T113319_N0510_R080_T29SMD_20240206T125208,57.19161,---,---,---
S2A_MSIL2A_20240208T112231_N0510_R037_T29SMD_20240208T165452,99.999946,---,---,---
S2A_MSIL2A_20240211T113311_N0510_R080_T29SMD_20240211T154752,80.290532,---,---,---
S2B_MSIL2A_20240213T112119_N0510_R037_T29SMD_20240213T135456,99.883449,---,---,---
S2B_MSIL2A_20240216T113319_N0510_R080_T29SMD_20240216T125257,99.510443,---,---,---
S2A_MSIL2A_20240218T112131_N0510_R037_T29SMD_20240218T154948,26.1718,37611543,42427020,11
S2A_MSIL2A_20240221T113321_N0510_R080_T29SMD_20240221T154051,79.740423,22003749,41051264,46
S2B_MSIL2A_20240223T112119_N0510_R037_T29SMD_20240223T135911,27.502507,18712542,42427020,56
S2B_MSIL2A_20240226T113319_N0510_R080_T29SMD_20240226T140241,32.15197,17594229,40814922,57
S2A_MSIL2A_20240228T112111_N0510_R037_T29SMD_20240228T155252,34.070116,27457575,42427020,35
S2A_MSIL2A_20240302T113321_N0510_R080_T29SMD_20240302T153352,95.435011,---,---,---
S2B_MSIL2A_20240304T112109_N0510_R037_T29SMD_20240304T140148,51.834106,---,---,---
S2B_MSIL2A_20240307T113309_N0510_R080_T29SMD_20240307T172314,89.677584,---,---,---
S2A_MSIL2A_20240309T112111_N0510_R037_T29SMD_20240309T153050,70.805413,---,---,---
S2A_MSIL2A_20240312T113321_N0510_R080_T29SMD_20240312T152752,99.99963,---,---,---
S2B_MSIL2A_20240314T112109_N0510_R037_T29SMD_20240314T135716,40.731382,---,---,---
S2B_MSIL2A_20240317T113319_N0510_R080_T29SMD_20240317T140408,71.79572,33636159,40912912,18
S2A_MSIL2A_20240319T112111_N0510_R037_T29SMD_20240319T153759,99.999964,---,---,---
S2A_MSIL2A_20240322T113321_N0510_R080_T29SMD_20240322T154153,99.977219,---,---,---
S2B_MSIL2A_20240324T112119_N0510_R037_T29SMD_20240324T142428,100,---,---,---
S2B_MSIL2A_20240327T113319_N0510_R080_T29SMD_20240327T140108,60.718769,---,---,---
S2A_MSIL2A_20240329T112111_N0510_R037_T29SMD_20240329T153053,64.154589,---,---,---
S2A_MSIL2A_20240401T113321_N0510_R080_T29SMD_20240401T170950,94.641232,---,---,---
S2B_MSIL2A_20240403T112109_N0510_R037_T29SMD_20240403T153354,39.963886,22707297,42667463,47
S2B_MSIL2A_20240406T113319_N0510_R080_T29SMD_20240406T124842,100,---,---,---
S2A_MSIL2A_20240408T112111_N0510_R037_T29SMD_20240408T154351,24.802913,20291260,42427020,52
S2A_MSIL2A_20240411T113321_N0510_R080_T29SMD_20240411T171653,17.072442,40759896,40771688,0
S2B_MSIL2A_20240413T112119_N0510_R037_T29SMD_20240413T124804,21.963385,36725871,42427020,13
S2B_MSIL2A_20240416T113319_N0510_R080_T29SMD_20240416T130759,11.014485,38702305,40448652,4
S2A_MSIL2A_20240418T112121_N0510_R037_T29SMD_20240418T153451,15.657352,40699217,42427020,4
S2A_MSIL2A_20240421T113321_N0510_R080_T29SMD_20240421T171402,0.039838,40196117,40467364,1
S2B_MSIL2A_20240423T112109_N0510_R037_T29SMD_20240423T125121,0.008572,42425695,42427020,0
S2B_MSIL2A_20240426T113319_N0510_R080_T29SMD_20240426T125710,89.62875,---,---,---
S2A_MSIL2A_20240428T112121_N0510_R037_T29SMD_20240428T153653,37.173948,---,---,---
S2A_MSIL2A_20240501T113321_N0510_R080_T29SMD_20240501T171752,37.030002,---,---,---
S2B_MSIL2A_20240503T112119_N0510_R037_T29SMD_20240503T130006,54.035509,26553731,42427020,37
S2B_MSIL2A_20240506T113319_N0510_R080_T29SMD_20240506T140049,15.285541,23212604,40700627,43
S2A_MSIL2A_20240508T112121_N0510_R037_T29SMD_20240508T171152,63.314897,39868811,42427020,6
S2A_MSIL2A_20240511T113321_N0510_R080_T29SMD_20240511T150851,84.067184,---,---,---
S2B_MSIL2A_20240513T112109_N0510_R037_T29SMD_20240513T140150,81.917578,---,---,---
S2B_MSIL2A_20240516T113319_N0510_R080_T29SMD_20240516T153656,92.336589,---,---,---
S2A_MSIL2A_20240518T112121_N0510_R037_T29SMD_20240518T183951,61.93946,---,---,---
S2A_MSIL2A_20240521T113321_N0510_R080_T29SMD_20240521T164358,34.089679,16950814,41112026,59
S2B_MSIL2A_20240523T112109_N0510_R037_T29SMD_20240523T125343,0.061327,42426262,42427020,0
S2B_MSIL2A_20240526T113319_N0510_R080_T29SMD_20240526T125642,33.685187,29486903,40923507,28
S2A_MSIL2A_20240528T112121_N0510_R037_T29SMD_20240528T164850,0.058899,42333761,42427020,0
S2A_MSIL2A_20240531T113321_N0510_R080_T29SMD_20240531T190753,1.243496,40777220,40777220,0
S2B_MSIL2A_20240602T112119_N0510_R037_T29SMD_20240602T125034,13.592486,40765906,42427020,4
S2B_MSIL2A_20240605T113319_N0510_R080_T29SMD_20240605T125553,74.069679,---,---,---
S2A_MSIL2A_20240607T112121_N0510_R037_T29SMD_20240607T164951,97.97051,---,---,---
S2A_MSIL2A_20240610T113321_N0510_R080_T29SMD_20240610T152959,82.722622,---,---,---
S2B_MSIL2A_20240612T112119_N0510_R037_T29SMD_20240612T135450,10.55852,36684924,42427020,14
S2B_MSIL2A_20240615T113319_N0510_R080_T29SMD_20240615T125430,13.781551,23529470,40690910,42
S2A_MSIL2A_20240617T112121_N0510_R037_T29SMD_20240617T171646,69.827563,---,---,---
S2A_MSIL2A_20240620T113321_N0510_R080_T29SMD_20240620T172953,70.324415,---,---,---
S2B_MSIL2A_20240622T112119_N0510_R037_T29SMD_20240622T125217,25.852451,40605955,42427020,4
S2B_MSIL2A_20240625T113319_N0510_R080_T29SMD_20240625T125719,96.275306,---,---,---
S2A_MSIL2A_20240627T112121_N0510_R037_T29SMD_20240627T170651,81.476903,---,---,---
S2A_MSIL2A_20240630T113321_N0510_R080_T29SMD_20240630T170554,62.177724,---,---,---
S2B_MSIL2A_20240702T112119_N0510_R037_T29SMD_20240702T140006,0.030934,42413032,42427020,0
S2B_MSIL2A_20240705T113319_N0510_R080_T29SMD_20240705T135824,19.005971,38982438,40743076,4
S2A_MSIL2A_20240707T112121_N0510_R037_T29SMD_20240707T154151,1.280153,41729025,42427020,2
S2A_MSIL2A_20240710T113321_N0510_R080_T29SMD_20240710T190652,42.207962,29375058,40931965,28
S2B_MSIL2A_20240712T112119_N0510_R037_T29SMD_20240712T140600,49.802777,19621525,42427020,54
S2B_MSIL2A_20240715T113319_N0510_R080_T29SMD_20240715T125521,13.83175,18190972,40835599,55
S2A_MSIL2A_20240717T112111_N0510_R037_T29SMD_20240717T182053,34.038156,24044558,42427020,43
S2A_MSIL2A_20240720T113321_N0510_R080_T29SMD_20240720T153249,60.25933,---,---,---
S2B_MSIL2A_20240722T112119_N0510_R037_T29SMD_20240722T140445,0.023743,42426672,42427020,0
S2B_MSIL2A_20240725T113319_N0511_R080_T29SMD_20240725T153430,92.096603,---,---,---
S2A_MSIL2A_20240727T112121_N0511_R037_T29SMD_20240727T184508,79.072148,---,---,---
S2A_MSIL2A_20240730T113321_N0511_R080_T29SMD_20240730T191052,60.920167,30915849,40950558,25
S2B_MSIL2A_20240801T112119_N0511_R037_T29SMD_20240801T153107,46.61645,26464215,42427020,38
S2B_MSIL2A_20240804T113319_N0511_R080_T29SMD_20240804T130554,10.931721,39915993,40943792,3
S2A_MSIL2A_20240806T112111_N0511_R037_T29SMD_20240806T154759,59.118104,23290428,42427020,45
S2A_MSIL2A_20240809T113321_N0511_R080_T29SMD_20240809T173400,23.920161,33132784,41080284,19
S2B_MSIL2A_20240811T112119_N0511_R037_T29SMD_20240811T130838,40.062714,40875079,42427020,4
S2B_MSIL2A_20240814T113319_N0511_R080_T29SMD_20240814T130224,2.625547,32562443,40583056,20
S2A_MSIL2A_20240816T112111_N0511_R037_T29SMD_20240816T152257,0.009003,42427020,42427020,0
S2A_MSIL2A_20240819T113321_N0511_R080_T29SMD_20240819T152344,34.069353,27238208,41190848,34
S2B_MSIL2A_20240821T112119_N0511_R037_T29SMD_20240821T140857,0.117998,41817985,42427020,1
S2B_MSIL2A_20240824T113319_N0511_R080_T29SMD_20240824T141309,28.805012,19180920,40949860,53
S2A_MSIL2A_20240826T112111_N0511_R037_T29SMD_20240826T151251,82.982063,26238320,42427020,38
S2A_MSIL2A_20240829T113321_N0511_R080_T29SMD_20240829T150843,82.813072,---,---,---
S2B_MSIL2A_20240831T112119_N0511_R037_T29SMD_20240831T124542,96.294653,---,---,---
S2B_MSIL2A_20240903T113319_N0511_R080_T29SMD_20240903T141158,4.423457,32578072,40456952,19
S2A_MSIL2A_20240905T112111_N0511_R037_T29SMD_20240905T152352,46.905571,28556179,42427020,33
S2B_MSIL2A_20240910T112119_N0511_R037_T29SMD_20240910T142416,2.990039,34771072,42427020,18
S2B_MSIL2A_20240913T113319_N0511_R080_T29SMD_20240913T140232,0.019493,40491705,40554380,0
S2A_MSIL2A_20240915T112111_N0511_R037_T29SMD_20240915T155449,0.005009,42427020,42427020,0
S2A_MSIL2A_20240918T113321_N0511_R080_T29SMD_20240918T190551,58.528805,---,---,---
S2B_MSIL2A_20240920T112109_N0511_R037_T29SMD_20240920T140316,40.422732,---,---,---
S2B_MSIL2A_20240923T113319_N0511_R080_T29SMD_20240923T140115,44.667786,25958850,40990602,37
S2A_MSIL2A_20240925T112121_N0511_R037_T29SMD_20240925T160349,99.767148,---,---,---
S2A_MSIL2A_20240928T113321_N0511_R080_T29SMD_20240928T155651,85.911751,---,---,---
S2B_MSIL2A_20240930T112119_N0511_R037_T29SMD_20240930T142524,1.739845,41152873,42427020,3
S2B_MSIL2A_20241003T113319_N0511_R080_T29SMD_20241003T143251,94.085473,---,---,---
S2A_MSIL2A_20241005T112111_N0511_R037_T29SMD_20241005T154651,53.692013,---,---,---
S2A_MSIL2A_20241008T113321_N0511_R080_T29SMD_20241008T154651,78.561836,---,---,---
S2B_MSIL2A_20241010T112109_N0511_R037_T29SMD_20241010T172120,24.307868,---,---,---
S2B_MSIL2A_20241013T113319_N0511_R080_T29SMD_20241013T140402,17.664829,---,---,---
S2A_MSIL2A_20241015T112111_N0511_R037_T29SMD_20241015T153947,99.809718,---,---,---
S2A_MSIL2A_20241018T113321_N0511_R080_T29SMD_20241018T153401,60.931951,---,---,---
S2B_MSIL2A_20241020T112119_N0511_R037_T29SMD_20241020T135511,75.88318,---,---,---
S2B_MSIL2A_20241023T113319_N0511_R080_T29SMD_20241023T125515,0.002825,40515516,40515516,0
S2A_MSIL2A_20241025T112141_N0511_R037_T29SMD_20241025T153857,40.925547,---,---,---
S2A_MSIL2A_20241028T113321_N0511_R080_T29SMD_20241028T154947,48.272872,24237302,40638903,40
S2B_MSIL2A_20241030T112119_N0511_R037_T29SMD_20241030T135459,1.474367,38376138,42428930,10
S2B_MSIL2A_20241102T113319_N0511_R080_T29SMD_20241102T140136,0.11374,40033558,40804687,2
S2A_MSIL2A_20241104T112241_N0511_R037_T29SMD_20241104T153351,96.948242,---,---,---
S2A_MSIL2A_20241107T113311_N0511_R080_T29SMD_20241107T155805,70.563745,---,---,---
S2B_MSIL2A_20241109T112209_N0511_R037_T29SMD_20241109T140026,22.374326,35330342,42427020,17
S2B_MSIL2A_20241112T113309_N0511_R080_T29SMD_20241112T125135,0.785149,41039140,41040932,0
S2A_MSIL2A_20241114T112331_N0511_R037_T29SMD_20241114T153547,95.778114,---,---,---
S2A_MSIL2A_20241117T113351_N0511_R080_T29SMD_20241117T153345,36.631697,22621042,40950558,45
S2B_MSIL2A_20241119T112259_N0511_R037_T29SMD_20241119T124709,4.989414,27402921,42427020,35
S2B_MSIL2A_20241122T113319_N0511_R080_T29SMD_20241122T130354,61.753917,---,---,---
S2A_MSIL2A_20241124T112411_N0511_R037_T29SMD_20241124T152447,87.441862,---,---,---
S2A_MSIL2A_20241127T113421_N0511_R080_T29SMD_20241127T153950,12.077651,40880860,41218664,1
S2B_MSIL2A_20241129T112339_N0511_R037_T29SMD_20241129T124203,99.717367,---,---,---
S2A_MSIL2A_20241204T112441_N0511_R037_T29SMD_20241204T145548,32.371691,---,---,---
S2C_MSIL2A_20241204T113011_N0511_R037_T29SMD_20260606T023109,32.540372,---,---,---
S2A_MSIL2A_20241207T113451_N0511_R080_T29SMD_20241207T153850,67.816156,---,---,---
S2C_MSIL2A_20241207T113521_N0511_R080_T29SMD_20260609T052321,68.131787,---,---,---
S2B_MSIL2A_20241209T112359_N0511_R037_T29SMD_20241209T141025,10.200042,41100391,42427020,3
S2B_MSIL2A_20241212T113409_N0511_R080_T29SMD_20241212T142054,1.12515,39525290,40788028,3
S2A_MSIL2A_20241214T112501_N0511_R037_T29SMD_20241214T153453,79.307687,---,---,---
S2C_MSIL2A_20241214T112531_N9905_R037_T29SMD_20241214T130811,80.407304,---,---,---
S2A_MSIL2A_20241217T113501_N0511_R080_T29SMD_20241217T153051,25.23433,21544155,45260467,52
S2C_MSIL2A_20241217T113531_N0511_R080_T29SMD_20260413T183903,25.299132,21544155,45260467,52
S2B_MSIL2A_20241219T112409_N0511_R037_T29SMD_20241219T151427,28.923604,---,---,---
S2B_MSIL2A_20241222T113409_N0511_R080_T29SMD_20241222T152525,64.419168,33953556,40788068,17
S2A_MSIL2A_20241224T112501_N0511_R037_T29SMD_20241224T153355,0.004006,42426369,42427020,0
S2A_MSIL2A_20241227T113511_N0511_R080_T29SMD_20241227T153950,0.012522,40794536,40795272,0
S2B_MSIL2A_20241229T112409_N0511_R037_T29SMD_20241229T133929,0.003675,42426373,42427020,0
S2B_MSIL2A_20250101T113409_N0511_R080_T29SMD_20250101T134107,22.273181,40845070,40903528,0
S2A_MSIL2A_20250103T112451_N0511_R037_T29SMD_20250103T153945,96.608281,---,---,---
S2A_MSIL2A_20250106T113451_N0511_R080_T29SMD_20250106T154249,23.249456,---,---,---
S2B_MSIL2A_20250108T112349_N0511_R037_T29SMD_20250108T141027,99.992257,---,---,---
S2B_MSIL2A_20250111T113339_N0511_R080_T29SMD_20250111T135523,84.911644,---,---,---
S2A_MSIL2A_20250113T112431_N0511_R037_T29SMD_20250113T154556,6.870866,42255940,42427020,0
S2A_MSIL2A_20250116T113421_N0511_R080_T29SMD_20250116T152651,11.883362,31746820,41062420,23
S2B_MSIL2A_20250118T112309_N0511_R037_T29SMD_20250118T134150,0.264511,42426755,42427020,0
S2B_MSIL2A_20250121T113319_N0511_R080_T29SMD_20250121T161958,77.08351,---,---,---
S2C_MSIL2A_20250123T112421_N0511_R037_T29SMD_20250123T144512,12.826912,---,---,---
S2C_MSIL2A_20250126T113411_N0511_R080_T29SMD_20250126T150811,100,---,---,---
S2B_MSIL2A_20250128T112229_N0511_R037_T29SMD_20250128T134049,61.009276,---,---,---
S2B_MSIL2A_20250131T113319_N0511_R080_T29SMD_20250131T170258,4.427072,40825570,40825684,0
S2C_MSIL2A_20250202T112331_N0511_R037_T29SMD_20250202T150912,90.931618,---,---,---
S2C_MSIL2A_20250205T113341_N0511_R080_T29SMD_20250205T151111,0.005404,40523781,40525252,0
S2B_MSIL2A_20250207T112139_N0511_R037_T29SMD_20250207T134205,83.222991,---,---,---
S2B_MSIL2A_20250210T113319_N0511_R080_T29SMD_20250210T141217,78.221732,---,---,---
S2C_MSIL2A_20250212T112231_N0511_R037_T29SMD_20250212T153911,29.891184,17784777,42427020,58
S2C_MSIL2A_20250215T113341_N0511_R080_T29SMD_20250215T151913,95.148003,---,---,---
S2B_MSIL2A_20250217T112119_N0511_R037_T29SMD_20250217T141811,99.398148,---,---,---
S2B_MSIL2A_20250220T113319_N0511_R080_T29SMD_20250220T134321,61.277431,18441568,40510187,54
S2C_MSIL2A_20250222T112141_N0511_R037_T29SMD_20250222T153317,24.202721,18748649,42427020,56
S2C_MSIL2A_20250225T113341_N0511_R080_T29SMD_20250225T145258,57.554257,---,---,---
S2B_MSIL2A_20250227T112119_N0511_R037_T29SMD_20250227T165525,92.240757,---,---,---
S2B_MSIL2A_20250302T113319_N0511_R080_T29SMD_20250302T134730,96.834368,---,---,---
S2C_MSIL2A_20250304T112141_N0511_R037_T29SMD_20250304T151713,99.021596,---,---,---
S2C_MSIL2A_20250307T113341_N0511_R080_T29SMD_20250307T152115,98.521501,---,---,---
S2B_MSIL2A_20250309T112119_N0511_R037_T29SMD_20250309T133810,71.33252,---,---,---
S2B_MSIL2A_20250312T113319_N0511_R080_T29SMD_20250312T152656,99.999744,---,---,---
S2C_MSIL2A_20250314T112141_N0511_R037_T29SMD_20250314T151217,2.601556,38926164,42427020,8
S2C_MSIL2A_20250317T113341_N0511_R080_T29SMD_20250317T163414,95.995408,---,---,---
S2B_MSIL2A_20250319T112119_N0511_R037_T29SMD_20250319T165652,100,---,---,---
S2A_MSIL2A_20250319T113901_N0511_R080_T29SMD_20250319T160557,100,---,---,---
S2B_MSIL2A_20250322T113319_N0511_R080_T29SMD_20250322T134708,57.840449,---,---,---
S2C_MSIL2A_20250324T112141_N0511_R037_T29SMD_20250324T171506,48.429587,---,---,---
S2A_MSIL2A_20250326T112121_N0511_R037_T29SMD_20250326T154418,13.642405,28444416,42427020,33
S2C_MSIL2A_20250327T113341_N0511_R080_T29SMD_20250327T170013,70.052588,---,---,---
S2B_MSIL2A_20250329T112119_N0511_R037_T29SMD_20250329T140115,0.050507,42425578,42477616,0
S2A_MSIL2A_20250329T113331_N0511_R080_T29SMD_20250329T203214,0.019379,42425578,42477616,0
S2B_MSIL2A_20250401T113319_N0511_R080_T29SMD_20250401T134013,19.712374,---,---,---
S2C_MSIL2A_20250403T112141_N0511_R037_T29SMD_20250403T164459,99.738055,---,---,---
S2A_MSIL2A_20250405T112131_N0511_R037_T29SMD_20250405T195115,49.564189,17318868,42427020,59
S2C_MSIL2A_20250406T113341_N0511_R080_T29SMD_20250406T182716,68.93391,---,---,---
S2B_MSIL2A_20250408T112119_N0511_R037_T29SMD_20250408T140811,87.783545,40599633,43298927,6
S2A_MSIL2A_20250408T113901_N0511_R080_T29SMD_20250408T192216,86.176974,40599633,43298927,6
S2B_MSIL2A_20250411T113319_N0511_R080_T29SMD_20250411T133900,99.384797,---,---,---
S2C_MSIL2A_20250413T112131_N0511_R037_T29SMD_20250413T164713,99.384862,---,---,---
S2A_MSIL2A_20250415T112131_N0511_R037_T29SMD_20250415T194712,49.478951,---,---,---
S2C_MSIL2A_20250416T113341_N0511_R080_T29SMD_20250416T170211,99.72403,---,---,---
S2B_MSIL2A_20250418T112119_N0511_R037_T29SMD_20250418T133042,32.535553,---,---,---
S2A_MSIL2A_20250418T113331_N0511_R080_T29SMD_20250418T201159,25.108555,---,---,---
S2B_MSIL2A_20250421T113319_N0511_R080_T29SMD_20250421T133930,99.56674,---,---,---
S2C_MSIL2A_20250423T112141_N0511_R037_T29SMD_20250423T165012,4.22732,42399087,42427020,0
S2A_MSIL2A_20250425T112131_N0511_R037_T29SMD_20250425T195618,75.143176,---,---,---
S2C_MSIL2A_20250426T113341_N0511_R080_T29SMD_20250426T165413,0.830412,39877823,40314435,1
S2B_MSIL2A_20250428T112119_N0511_R037_T29SMD_20250428T133207,63.541168,40468591,56851125,29
S2A_MSIL2A_20250428T113911_N0511_R080_T29SMD_20250428T210710,71.047938,40468591,56851125,29
S2B_MSIL2A_20250501T113319_N0511_R080_T29SMD_20250501T134501,45.020056,18706206,40491138,54
S2C_MSIL2A_20250503T112131_N0511_R037_T29SMD_20250503T165214,53.197056,---,---,---
S2A_MSIL2A_20250505T112131_N0511_R037_T29SMD_20250506T030002,46.17196,---,---,---
S2C_MSIL2A_20250506T113341_N0511_R080_T29SMD_20250506T135317,15.29678,17810185,40382248,56
S2B_MSIL2A_20250508T112119_N0511_R037_T29SMD_20250508T133101,64.126545,---,---,---
S2A_MSIL2A_20250508T113331_N0511_R080_T29SMD_20250508T163512,57.59204,---,---,---
S2B_MSIL2A_20250511T113319_N0511_R080_T29SMD_20250511T134055,13.146342,24204675,40487313,40
S2C_MSIL2A_20250513T112131_N0511_R037_T29SMD_20250513T135636,15.161315,24561172,42427020,42
S2A_MSIL2A_20250515T112131_N0511_R037_T29SMD_20250515T163418,16.128339,28331927,42427020,33
S2C_MSIL2A_20250516T113331_N0511_R080_T29SMD_20250516T140713,17.465815,37709691,40901684,8
S2B_MSIL2A_20250518T112119_N0511_R037_T29SMD_20250518T133728,96.642697,---,---,---
S2A_MSIL2A_20250518T113911_N0511_R080_T29SMD_20250518T161000,80.073023,---,---,---
S2B_MSIL2A_20250521T113319_N0511_R080_T29SMD_20250521T134011,44.362035,---,---,---
S2C_MSIL2A_20250523T112131_N0511_R037_T29SMD_20250523T134256,1.667456,42290782,42427020,0
S2A_MSIL2A_20250525T112131_N0511_R037_T29SMD_20250525T173322,53.181034,36853646,42427020,13
S2C_MSIL2A_20250526T113341_N0511_R080_T29SMD_20250526T183113,44.65138,17896004,40588776,56
S2B_MSIL2A_20250528T112119_N0511_R037_T29SMD_20250528T133511,0.900704,41379739,42852441,3
S2A_MSIL2A_20250528T113341_N0511_R080_T29SMD_20250528T163134,0.562167,41379739,42852441,3
S2B_MSIL2A_20250531T113319_N0511_R080_T29SMD_20250531T134711,70.925623,36821971,40753124,10
S2C_MSIL2A_20250602T112131_N0511_R037_T29SMD_20250602T152212,70.023638,---,---,---
S2A_MSIL2A_20250604T112131_N0511_R037_T29SMD_20250604T162818,79.854357,---,---,---
S2C_MSIL2A_20250605T113341_N0511_R080_T29SMD_20250605T151802,26.673433,32663355,40514500,19
S2B_MSIL2A_20250607T112109_N0511_R037_T29SMD_20250607T133245,0.034927,42419955,42535058,0
S2A_MSIL2A_20250607T113911_N0511_R080_T29SMD_20250607T160217,0.689272,42419955,42535058,0
S2B_MSIL2A_20250610T113319_N0511_R080_T29SMD_20250610T134823,45.661023,---,---,---
S2C_MSIL2A_20250612T112131_N0511_R037_T29SMD_20250612T150504,51.04574,---,---,---
S2A_MSIL2A_20250614T112131_N0511_R037_T29SMD_20250614T161201,59.47873,24058335,42427020,43
S2C_MSIL2A_20250615T113341_N0511_R080_T29SMD_20250615T134503,0.497583,40588421,40722712,0
S2B_MSIL2A_20250617T112109_N0511_R037_T29SMD_20250617T133829,1.546272,42427020,42428090,0
S2A_MSIL2A_20250617T113331_N0511_R080_T29SMD_20250617T163516,15.165524,42427020,42428090,0
S2B_MSIL2A_20250620T113319_N0511_R080_T29SMD_20250620T152428,1.068458,37639855,40956396,8
S2C_MSIL2A_20250622T112131_N0511_R037_T29SMD_20250622T135816,72.147655,---,---,---
S2A_MSIL2A_20250624T112131_N0511_R037_T29SMD_20250624T162916,52.059299,17967728,42427020,58
S2C_MSIL2A_20250625T113341_N0511_R080_T29SMD_20250625T165206,78.192383,---,---,---
S2B_MSIL2A_20250627T112119_N0511_R037_T29SMD_20250627T133415,48.295587,38200243,43178373,12
S2A_MSIL2A_20250627T113911_N0511_R080_T29SMD_20250627T160814,53.251034,38200243,43178373,12
S2B_MSIL2A_20250630T113319_N0511_R080_T29SMD_20250630T134600,63.815141,37954056,40754968,7
S2C_MSIL2A_20250702T112141_N0511_R037_T29SMD_20250702T162819,58.727324,19090240,42427020,55
S2A_MSIL2A_20250704T112131_N0511_R037_T29SMD_20250704T162920,20.890631,36137188,42427020,15
S2C_MSIL2A_20250705T113341_N0511_R080_T29SMD_20250705T163315,84.962583,---,---,---
S2B_MSIL2A_20250707T112119_N0511_R037_T29SMD_20250707T133709,6.230193,36918438,46537442,21
S2A_MSIL2A_20250707T113341_N0511_R080_T29SMD_20250707T164623,2.821392,36918438,46537442,21
S2B_MSIL2A_20250710T113319_N0511_R080_T29SMD_20250710T135029,99.581456,---,---,---
S2C_MSIL2A_20250712T112141_N0511_R037_T29SMD_20250712T161905,50.323814,---,---,---
S2A_MSIL2A_20250714T112131_N0511_R037_T29SMD_20250714T162515,14.404933,42390601,42427020,0
S2C_MSIL2A_20250715T113341_N0511_R080_T29SMD_20250715T165315,0.123287,40250884,40250884,0
S2B_MSIL2A_20250717T112119_N0511_R037_T29SMD_20250717T134832,38.712275,33739293,60062044,44
S2A_MSIL2A_20250717T113911_N0511_R080_T29SMD_20250717T160616,37.857959,33739293,60062044,44
S2B_MSIL2A_20250720T113319_N0511_R080_T29SMD_20250720T134101,18.38112,20516650,40846216,50
S2C_MSIL2A_20250722T112141_N0511_R037_T29SMD_20250722T145513,19.759902,37012191,42427020,13
S2A_MSIL2A_20250724T112131_N0511_R037_T29SMD_20250724T161713,0.037239,42426894,42427020,0
S2C_MSIL2A_20250725T113341_N0511_R080_T29SMD_20250725T164615,0.194854,40347232,40347232,0
S2B_MSIL2A_20250727T112119_N0511_R037_T29SMD_20250727T133352,0.032527,42427020,42427020,0
S2A_MSIL2A_20250727T113341_N0511_R080_T29SMD_20250727T164014,0.09115,42427020,42427020,0
S2B_MSIL2A_20250730T113319_N0511_R080_T29SMD_20250730T135754,0.073842,41131340,41131340,0
S2C_MSIL2A_20250801T112131_N0511_R037_T29SMD_20250801T154406,0.021389,42417272,42427020,0
S2A_MSIL2A_20250803T112131_N0511_R037_T29SMD_20250803T162115,0.150336,40838233,42427020,4
S2C_MSIL2A_20250804T113341_N0511_R080_T29SMD_20250804T151357,0.804105,40620850,40645668,0
S2B_MSIL2A_20250806T112119_N0511_R037_T29SMD_20250806T140603,56.471002,36965379,43271252,15
S2A_MSIL2A_20250806T113911_N0511_R080_T29SMD_20250806T155115,69.116116,36965379,43271252,15
S2B_MSIL2A_20250809T113319_N0511_R080_T29SMD_20250809T122256,26.743317,36947889,40920124,10
S2C_MSIL2A_20250811T112131_N0511_R037_T29SMD_20250811T152216,1.798343,42274735,42427020,0
S2A_MSIL2A_20250813T112131_N0511_R037_T29SMD_20250813T160722,17.76645,35646725,42427020,16
S2C_MSIL2A_20250814T113341_N0511_R080_T29SMD_20250814T165614,8.436227,37267075,40624308,8
S2B_MSIL2A_20250816T112119_N0511_R037_T29SMD_20250816T122832,20.059194,38096711,51919156,27
S2A_MSIL2A_20250816T113331_N0511_R080_T29SMD_20250816T163615,9.60665,38096711,51919156,27
S2B_MSIL2A_20250819T113319_N0511_R080_T29SMD_20250819T134015,12.193504,27064834,40764056,34
S2C_MSIL2A_20250821T112131_N0511_R037_T29SMD_20250821T150517,2.465983,40461092,42427020,5
S2A_MSIL2A_20250823T112131_N0511_R037_T29SMD_20250823T162957,55.189687,31811615,42427020,25
S2C_MSIL2A_20250824T113341_N0511_R080_T29SMD_20250824T151212,16.39289,33774305,40586307,17
S2B_MSIL2A_20250826T112119_N0511_R037_T29SMD_20250826T133202,2.342714,41337049,45313195,9
S2A_MSIL2A_20250826T113911_N0511_R080_T29SMD_20250826T160612,9.365703,41337049,45313195,9
S2B_MSIL2A_20250829T113319_N0511_R080_T29SMD_20250829T134946,20.929573,---,---,---
S2C_MSIL2A_20250831T112131_N0511_R037_T29SMD_20250831T154413,92.34708,---,---,---
S2A_MSIL2A_20250902T112131_N0511_R037_T29SMD_20250902T161719,57.47999,---,---,---
S2C_MSIL2A_20250903T113341_N0511_R080_T29SMD_20250903T164316,34.270328,22330681,40496929,45
S2B_MSIL2A_20250905T112109_N0511_R037_T29SMD_20250905T133452,62.238389,28998634,50285242,42
S2A_MSIL2A_20250905T113331_N0511_R080_T29SMD_20250905T151905,68.413597,28998634,50285242,42
S2B_MSIL2A_20250908T113319_N0511_R080_T29SMD_20250908T134405,18.841159,34222599,40915513,16
S2C_MSIL2A_20250910T112131_N0511_R037_T29SMD_20250910T164013,83.301222,---,---,---
S2A_MSIL2A_20250912T112131_N0511_R037_T29SMD_20250912T164010,44.441214,29184906,42427020,31
S2C_MSIL2A_20250913T113331_N0511_R080_T29SMD_20250913T182413,81.750172,39269396,40770364,4
S2B_MSIL2A_20250915T112109_N0511_R037_T29SMD_20250915T140014,8.927558,40724445,43500254,6
S2A_MSIL2A_20250915T113901_N0511_R080_T29SMD_20250915T161013,7.688206,40724445,43500254,6
S2B_MSIL2A_20250918T113319_N0511_R080_T29SMD_20250918T152659,81.131238,---,---,---
S2C_MSIL2A_20250920T112131_N0511_R037_T29SMD_20250920T163414,88.794124,---,---,---
S2A_MSIL2A_20250922T112131_N0511_R037_T29SMD_20250922T160420,0.043102,42426890,42427020,0
S2C_MSIL2A_20250923T113331_N0511_R080_T29SMD_20250923T163314,3.859335,40738720,40738720,0
S2B_MSIL2A_20250925T112109_N0511_R037_T29SMD_20250925T151904,0.004045,42426611,42428504,0
S2A_MSIL2A_20250925T113331_N0511_R080_T29SMD_20250925T153214,0.003645,42426611,42428504,0
S2B_MSIL2A_20250928T113319_N0511_R080_T29SMD_20250928T153627,75.775176,---,---,---
S2C_MSIL2A_20250930T112131_N0511_R037_T29SMD_20250930T150514,15.372118,39228543,42427020,8
S2A_MSIL2A_20251002T112131_N0511_R037_T29SMD_20251002T152717,65.926647,25928819,42427020,39
S2C_MSIL2A_20251003T113331_N0511_R080_T29SMD_20251003T150705,54.855943,33891856,40540015,16
S2B_MSIL2A_20251005T112109_N0511_R037_T29SMD_20251005T140221,23.759915,32002044,45871047,30
S2A_MSIL2A_20251005T113331_N0511_R080_T29SMD_20251005T163518,13.970613,32002044,45871047,30
S2B_MSIL2A_20251008T113319_N0511_R080_T29SMD_20251008T135747,69.7209,---,---,---
S2C_MSIL2A_20251010T112131_N0511_R037_T29SMD_20251010T151313,0.001963,42426891,42427020,0
S2A_MSIL2A_20251012T112131_N0511_R037_T29SMD_20251012T152415,85.421282,---,---,---
S2C_MSIL2A_20251013T113331_N0511_R080_T29SMD_20251013T145219,2.054748,39169376,40826244,4
S2B_MSIL2A_20251015T112109_N0511_R037_T29SMD_20251015T140135,55.040157,35667859,59483779,40
S2A_MSIL2A_20251015T113901_N0511_R080_T29SMD_20251015T160616,51.986676,35667859,59483779,40
S2B_MSIL2A_20251018T113319_N0511_R080_T29SMD_20251018T135623,44.645965,---,---,---
S2C_MSIL2A_20251020T112131_N0511_R037_T29SMD_20251020T151811,26.893327,18539892,42427020,56
S2A_MSIL2A_20251022T112141_N0511_R037_T29SMD_20251022T152412,94.317394,---,---,---
S2C_MSIL2A_20251023T113331_N0511_R080_T29SMD_20251023T150927,47.14109,---,---,---
S2B_MSIL2A_20251025T112109_N0511_R037_T29SMD_20251025T135824,97.473001,---,---,---
S2A_MSIL2A_20251025T113331_N0511_R080_T29SMD_20251025T153013,97.933269,---,---,---
S2B_MSIL2A_20251028T113319_N0511_R080_T29SMD_20251028T122149,99.479449,---,---,---
S2C_MSIL2A_20251030T112221_N0511_R037_T29SMD_20251030T143021,99.486721,---,---,---
S2A_MSIL2A_20251101T112241_N0511_R037_T29SMD_20251101T154518,70.472449,---,---,---
S2C_MSIL2A_20251102T113331_N0511_R080_T29SMD_20251103T141358,51.741815,16443677,40427677,59
S2B_MSIL2A_20251104T112139_N0511_R037_T29SMD_20251104T134759,99.676061,---,---,---
S2A_MSIL2A_20251104T113911_N0511_R080_T29SMD_20251104T150011,99.394804,---,---,---
S2B_MSIL2A_20251107T113319_N0511_R080_T29SMD_20251107T122118,77.067703,---,---,---
S2C_MSIL2A_20251109T112321_N0511_R037_T29SMD_20251109T130709,79.856569,---,---,---
S2A_MSIL2A_20251111T112331_N0511_R037_T29SMD_20251111T152412,71.868652,---,---,---
S2C_MSIL2A_20251112T113331_N0511_R080_T29SMD_20251112T131315,99.996537,---,---,---
S2B_MSIL2A_20251114T112229_N0511_R037_T29SMD_20251114T133809,99.999875,---,---,---
S2A_MSIL2A_20251114T113351_N0511_R080_T29SMD_20251114T153218,99.718952,---,---,---
S2B_MSIL2A_20251117T113319_N0511_R080_T29SMD_20251117T134850,50.559074,---,---,---
S2C_MSIL2A_20251119T112401_N0511_R037_T29SMD_20251119T130912,99.993032,---,---,---
S2A_MSIL2A_20251121T112421_N0511_R037_T29SMD_20251121T151713,1.233363,42370478,42427020,0
S2C_MSIL2A_20251122T113421_N0511_R080_T29SMD_20251122T131415,54.947782,30341969,40351190,25
S2B_MSIL2A_20251124T112309_N0511_R037_T29SMD_20251124T133211,99.836415,---,---,---
S2A_MSIL2A_20251124T113911_N0511_R080_T29SMD_20251124T131417,99.982363,---,---,---
S2B_MSIL2A_20251127T113319_N0511_R080_T29SMD_20251127T121241,8.069204,40956052,41185012,1
S2C_MSIL2A_20251129T112431_N0511_R037_T29SMD_20251129T144118,49.336317,---,---,---
S2A_MSIL2A_20251201T112451_N0511_R037_T29SMD_20251201T151311,83.001035,34223724,42427020,19
S2C_MSIL2A_20251202T113451_N0511_R080_T29SMD_20251202T131608,28.168651,16263090,40340399,60
S2B_MSIL2A_20251204T112339_N0511_R037_T29SMD_20251204T133501,100,---,---,---
S2A_MSIL2A_20251204T113501_N0511_R080_T29SMD_20251204T151609,100,---,---,---
S2B_MSIL2A_20251207T113359_N0511_R080_T29SMD_20251207T121527,68.244529,---,---,---
S2C_MSIL2A_20251209T112501_N0511_R037_T29SMD_20251209T125811,99.9919,---,---,---
S2A_MSIL2A_20251211T112511_N0511_R037_T29SMD_20251211T151014,96.964496,---,---,---
S2C_MSIL2A_20251212T113511_N0511_R080_T29SMD_20251212T132108,100,---,---,---
S2B_MSIL2A_20251214T112359_N0511_R037_T29SMD_20251214T121801,0.003719,42425144,42429376,0
S2A_MSIL2A_20251214T113911_N0511_R080_T29SMD_20251214T155707,0.00431,42425144,42429376,0
S2B_MSIL2A_20251217T113409_N0511_R080_T29SMD_20251217T133823,96.066141,---,---,---
S2C_MSIL2A_20251219T112511_N0511_R037_T29SMD_20251219T131015,52.788091,---,---,---
S2A_MSIL2A_20251221T112521_N0511_R037_T29SMD_20251221T151311,47.898611,---,---,---
S2B_MSIL2A_20251224T112409_N0511_R037_T29SMD_20251224T135953,24.773483,26545765,52135683,49
S2A_MSIL2A_20251224T113531_N0511_R080_T29SMD_20251224T152212,20.605199,26545765,52135683,49
S2B_MSIL2A_20251227T113409_N0511_R080_T29SMD_20251227T135332,96.561831,---,---,---
S2C_MSIL2A_20251229T112511_N0511_R037_T29SMD_20251229T125809,0.003474,42426885,42427020,0
S2A_MSIL2A_20251231T112521_N0511_R037_T29SMD_20251231T151711,6.867059,34885039,42427020,18
S2C_MSIL2A_20260101T113511_N0511_R080_T29SMD_20260101T131911,100,---,---,---
S2B_MSIL2A_20260103T112359_N0511_R037_T29SMD_20260103T135832,90.772218,---,---,---
S2A_MSIL2A_20260103T113911_N0511_R080_T29SMD_20260103T160012,92.971039,---,---,---
S2B_MSIL2A_20260106T113349_N0511_R080_T29SMD_20260106T151921,6.170071,37861455,40944028,8
S2C_MSIL2A_20260108T112451_N0511_R037_T29SMD_20260108T130311,92.215341,---,---,---
S2A_MSIL2A_20260110T112131_N0511_R037_T29SMD_20260110T163011,96.939862,---,---,---
S2C_MSIL2A_20260111T113441_N0511_R080_T29SMD_20260111T131718,48.765442,---,---,---
S2B_MSIL2A_20260113T112329_N0511_R037_T29SMD_20260113T135747,77.936935,---,---,---
S2B_MSIL2A_20260116T113329_N0511_R080_T29SMD_20260116T152358,96.603161,---,---,---
S2C_MSIL2A_20260118T112411_N0511_R037_T29SMD_20260118T130309,2.005707,41873909,42427020,1
S2C_MSIL2A_20260121T113401_N0511_R080_T29SMD_20260121T131510,99.30895,---,---,---
S2B_MSIL2A_20260123T112249_N0511_R037_T29SMD_20260123T135020,88.817799,---,---,---
S2B_MSIL2A_20260126T113309_N0511_R080_T29SMD_20260126T154848,100,---,---,---
S2C_MSIL2A_20260128T112321_N0511_R037_T29SMD_20260128T151411,75.675011,---,---,---
S2C_MSIL2A_20260131T113321_N0511_R080_T29SMD_20260131T152409,51.634067,---,---,---
S2B_MSIL2A_20260202T112159_N0511_R037_T29SMD_20260202T151511,56.493616,21024748,47558414,56
S2A_MSIL2A_20260202T113001_N0511_R037_T29SMD_20260202T154112,56.982028,21024748,47558414,56
S2B_MSIL2A_20260205T113309_N0512_R080_T29SMD_20260205T165733,44.080809,---,---,---
S2A_MSIL2A_20260205T114051_N0512_R080_T29SMD_20260205T140909,55.958837,---,---,---
S2C_MSIL2A_20260207T112231_N0512_R037_T29SMD_20260207T151215,41.927147,---,---,---
S2C_MSIL2A_20260210T113321_N0512_R080_T29SMD_20260210T150512,99.951226,---,---,---
S2B_MSIL2A_20260212T112109_N0512_R037_T29SMD_20260212T151217,57.43854,---,---,---
S2A_MSIL2A_20260212T113001_N0512_R037_T29SMD_20260212T155211,57.112038,---,---,---
S2B_MSIL2A_20260215T113309_N0512_R080_T29SMD_20260215T170059,96.012348,---,---,---
S2A_MSIL2A_20260215T114051_N0512_R080_T29SMD_20260215T141510,91.162044,---,---,---
S2C_MSIL2A_20260217T112131_N0512_R037_T29SMD_20260217T150410,97.214609,---,---,---
S2C_MSIL2A_20260220T113321_N0512_R080_T29SMD_20260220T144811,2.475812,40492858,40507628,0
S2B_MSIL2A_20260222T112109_N0512_R037_T29SMD_20260222T165721,0.007105,42425757,42427472,0
S2A_MSIL2A_20260222T113001_N0512_R037_T29SMD_20260222T155510,0.006527,42425757,42427472,0
S2B_MSIL2A_20260225T113319_N0512_R080_T29SMD_20260225T170122,47.775933,---,---,---
S2A_MSIL2A_20260225T114151_N0512_R080_T29SMD_20260225T140907,32.293668,---,---,---
S2C_MSIL2A_20260227T112111_N0512_R037_T29SMD_20260227T150215,99.74708,---,---,---
S2C_MSIL2A_20260302T113321_N0512_R080_T29SMD_20260302T150909,99.995148,---,---,---
S2B_MSIL2A_20260304T112109_N0512_R037_T29SMD_20260304T165437,6.812417,40627751,42427020,4
S2B_MSIL2A_20260307T113319_N0512_R080_T29SMD_20260307T151734,7.091781,35262618,40555676,13
S2C_MSIL2A_20260309T112111_N0512_R037_T29SMD_20260309T160918,93.418759,---,---,---
S2A_MSIL2A_20260311T112131_N0512_R037_T29SMD_20260311T201411,---,37877658,42427020,11
S2C_MSIL2A_20260312T113321_N0512_R080_T29SMD_20260312T170311,37.744209,28390669,40511987,30
S2B_MSIL2A_20260314T112109_N0512_R037_T29SMD_20260314T155638,100,---,---,---
S2A_MSIL2A_20260314T113911_N0512_R080_T29SMD_20260314T173509,99.999344,---,---,---
S2B_MSIL2A_20260317T113319_N0512_R080_T29SMD_20260317T141133,44.85465,33908629,40763819,17
S2C_MSIL2A_20260319T112121_N0512_R037_T29SMD_20260319T164912,100,---,---,---
S2A_MSIL2A_20260321T112131_N0512_R037_T29SMD_20260321T200016,69.987631,---,---,---
S2C_MSIL2A_20260322T113321_N0512_R080_T29SMD_20260322T183910,33.800325,---,---,---
S2B_MSIL2A_20260324T112109_N0512_R037_T29SMD_20260324T154014,0.003169,42425460,42427953,0
S2A_MSIL2A_20260324T113341_N0512_R080_T29SMD_20260324T150015,0.006077,42425460,42427953,0
S2B_MSIL2A_20260327T113319_N0512_R080_T29SMD_20260327T152639,0.464904,40678563,40680704,0
S2C_MSIL2A_20260329T112111_N0512_R037_T29SMD_20260329T144222,13.419971,41185157,42427020,3
S2A_MSIL2A_20260331T112131_N0512_R037_T29SMD_20260331T200509,0.04308,42424253,42427020,0
S2C_MSIL2A_20260401T113321_N0512_R080_T29SMD_20260401T165209,0.043291,40606226,40608076,0
S2B_MSIL2A_20260403T112109_N0512_R037_T29SMD_20260403T153931,9.102383,42424439,42427367,0
S2A_MSIL2A_20260403T113911_N0512_R080_T29SMD_20260403T192652,9.902215,42424439,42427367,0
S2B_MSIL2A_20260406T113319_N0512_R080_T29SMD_20260406T154814,66.55699,---,---,---
S2C_MSIL2A_20260408T112111_N0512_R037_T29SMD_20260408T150520,47.354376,---,---,---
S2A_MSIL2A_20260410T112131_N0512_R037_T29SMD_20260410T195511,5.777224,42383006,42427020,0
S2C_MSIL2A_20260411T113321_N0512_R080_T29SMD_20260411T151110,99.262381,---,---,---
S2B_MSIL2A_20260413T112109_N0512_R037_T29SMD_20260413T140035,86.910576,---,---,---
S2A_MSIL2A_20260413T113341_N0512_R080_T29SMD_20260413T201712,67.067879,---,---,---
S2B_MSIL2A_20260416T113319_N0512_R080_T29SMD_20260416T152159,25.743845,39970099,40705660,2
S2C_MSIL2A_20260418T112111_N0512_R037_T29SMD_20260418T145111,3.439126,40268334,42427020,5
S2A_MSIL2A_20260420T112131_N0512_R037_T29SMD_20260420T205356,52.174282,29968380,42595405,30
S2C_MSIL2A_20260421T113321_N0512_R080_T29SMD_20260421T145618,78.11597,---,---,---
S2B_MSIL2A_20260423T112109_N0512_R037_T29SMD_20260423T134622,88.960582,---,---,---
S2A_MSIL2A_20260423T113911_N0512_R080_T29SMD_20260423T193116,89.397341,---,---,---
S2B_MSIL2A_20260426T113319_N0512_R080_T29SMD_20260426T152238,77.159107,26088230,40841357,36
S2C_MSIL2A_20260428T112111_N0512_R037_T29SMD_20260428T150009,81.888247,---,---,---
S2A_MSIL2A_20260430T112131_N0512_R037_T29SMD_20260430T201210,98.531634,---,---,---
S2C_MSIL2A_20260501T113321_N0512_R080_T29SMD_20260501T151109,78.154796,---,---,---
S2B_MSIL2A_20260503T112109_N0512_R037_T29SMD_20260503T134410,85.289198,---,---,---
S2A_MSIL2A_20260503T113331_N0512_R080_T29SMD_20260503T202200,84.986287,---,---,---
S2B_MSIL2A_20260506T113319_N0512_R080_T29SMD_20260506T152546,47.278327,---,---,---
S2C_MSIL2A_20260508T112111_N0512_R037_T29SMD_20260508T145856,32.377377,---,---,---
S2A_MSIL2A_20260510T112131_N0512_R037_T29SMD_20260510T210908,30.373493,17857572,42427020,58
S2C_MSIL2A_20260511T113321_N0512_R080_T29SMD_20260511T164020,57.793874,---,---,---
S2B_MSIL2A_20260513T112109_N0512_R037_T29SMD_20260513T135934,48.595151,---,---,---
S2A_MSIL2A_20260513T113911_N0512_R080_T29SMD_20260513T191957,42.152601,---,---,---
S2B_MSIL2A_20260516T113319_N0512_R080_T29SMD_20260516T141717,30.264387,---,---,---
S2C_MSIL2A_20260518T112111_N0512_R037_T29SMD_20260518T163315,52.454889,---,---,---
S2A_MSIL2A_20260520T112131_N0512_R037_T29SMD_20260520T194609,0.090685,---,---,---
S2C_MSIL2A_20260521T113321_N0512_R080_T29SMD_20260521T164116,95.027548,---,---,---
S2B_MSIL2A_20260523T112109_N0512_R037_T29SMD_20260523T134149,88.412988,---,---,---
S2A_MSIL2A_20260523T113331_N0512_R080_T29SMD_20260523T195019,98.705453,---,---,---
S2B_MSIL2A_20260526T113309_N0512_R080_T29SMD_20260526T141142,27.738363,---,---,---
S2C_MSIL2A_20260528T112111_N0512_R037_T29SMD_20260528T162613,12.846713,---,---,---
S2A_MSIL2A_20260530T112131_N0512_R037_T29SMD_20260530T194412,65.837222,---,---,---
S2C_MSIL2A_20260531T113321_N0512_R080_T29SMD_20260531T163614,47.034371,---,---,---
S2B_MSIL2A_20260602T112109_N0512_R037_T29SMD_20260602T134327,45.842695,---,---,---
S2A_MSIL2A_20260602T113911_N0512_R080_T29SMD_20260602T192910,43.097425,---,---,---
S2B_MSIL2A_20260605T113319_N0512_R080_T29SMD_20260605T141139,29.103321,---,---,---
S2C_MSIL2A_20260607T112111_N0512_R037_T29SMD_20260607T150211,41.900516,---,---,---
S2A_MSIL2A_20260609T112131_N0512_R037_T29SMD_20260609T194454,0.186702,---,---,---
S2C_MSIL2A_20260610T113321_N0512_R080_T29SMD_20260610T163922,0.917815,---,---,---
